"full.name","PA","run","algo","metric.eval","cutoff","sensitivity","specificity","calibration","validation","evaluation"
"Amyelois.transitella_allData_allRun_CTA","allData","allRun","CTA","TSS",13,76.596,91.509,0.681,NA,NA
"Amyelois.transitella_allData_allRun_CTA","allData","allRun","CTA","AUCroc",10.5,76.596,91.509,0.871,NA,NA
"Amyelois.transitella_allData_allRun_CTA","allData","allRun","CTA","KAPPA",487,23.404,99.96,0.364,NA,NA
"Amyelois.transitella_allData_allRun_ANN","allData","allRun","ANN","TSS",14,17.021,99.356,0.305,NA,NA
"Amyelois.transitella_allData_allRun_ANN","allData","allRun","ANN","AUCroc",7.5,74.468,79.537,0.813,NA,NA
"Amyelois.transitella_allData_allRun_ANN","allData","allRun","ANN","KAPPA",115,17.021,99.698,0.224,NA,NA
"Amyelois.transitella_allData_allRun_FDA","allData","allRun","FDA","TSS",7,53.191,95.835,0.571,NA,NA
"Amyelois.transitella_allData_allRun_FDA","allData","allRun","FDA","AUCroc",5.5,70.213,93.803,0.827,NA,NA
"Amyelois.transitella_allData_allRun_FDA","allData","allRun","FDA","KAPPA",200,29.787,99.095,0.27,NA,NA
"Amyelois.transitella_allData_allRun_GAM","allData","allRun","GAM","TSS",5,95.745,79.316,0.734,NA,NA
"Amyelois.transitella_allData_allRun_GAM","allData","allRun","GAM","AUCroc",7.5,91.489,82.193,0.948,NA,NA
"Amyelois.transitella_allData_allRun_GAM","allData","allRun","GAM","KAPPA",159,51.064,99.276,0.449,NA,NA
"Amyelois.transitella_allData_allRun_GBM","allData","allRun","GBM","TSS",21,95.745,96.137,0.938,NA,NA
"Amyelois.transitella_allData_allRun_GBM","allData","allRun","GBM","AUCroc",20.5,97.872,95.915,0.996,NA,NA
"Amyelois.transitella_allData_allRun_GBM","allData","allRun","GBM","KAPPA",131,80.851,99.799,0.798,NA,NA
"Amyelois.transitella_allData_allRun_MARS","allData","allRun","MARS","TSS",8,80.851,88.35,0.7,NA,NA
"Amyelois.transitella_allData_allRun_MARS","allData","allRun","MARS","AUCroc",7.5,82.979,87.062,0.892,NA,NA
"Amyelois.transitella_allData_allRun_MARS","allData","allRun","MARS","KAPPA",277,29.787,99.859,0.408,NA,NA
"Amyelois.transitella_allData_allRun_MAXNET","allData","allRun","MAXNET","TSS",147,93.617,77.827,0.734,NA,NA
"Amyelois.transitella_allData_allRun_MAXNET","allData","allRun","MAXNET","AUCroc",234.5,85.106,85.191,0.938,NA,NA
"Amyelois.transitella_allData_allRun_MAXNET","allData","allRun","MAXNET","KAPPA",725,44.681,99.336,0.406,NA,NA
"Amyelois.transitella_allData_allRun_RF","allData","allRun","RF","TSS",281,100,100,1,NA,NA
"Amyelois.transitella_allData_allRun_RF","allData","allRun","RF","AUCroc",280,100,100,1,NA,NA
"Amyelois.transitella_allData_allRun_RF","allData","allRun","RF","KAPPA",281,100,100,1,NA,NA
"Amyelois.transitella_allData_allRun_SRE","allData","allRun","SRE","TSS",505,65.957,86.318,0.523,NA,NA
"Amyelois.transitella_allData_allRun_SRE","allData","allRun","SRE","AUCroc",500,65.957,86.318,0.761,NA,NA
"Amyelois.transitella_allData_allRun_SRE","allData","allRun","SRE","KAPPA",505,65.957,86.318,0.065,NA,NA
"Amyelois.transitella_allData_allRun_XGBOOST","allData","allRun","XGBOOST","TSS",9,87.234,82.193,0.776,NA,NA
"Amyelois.transitella_allData_allRun_XGBOOST","allData","allRun","XGBOOST","AUCroc",8,97.872,79.678,0.943,NA,NA
"Amyelois.transitella_allData_allRun_XGBOOST","allData","allRun","XGBOOST","KAPPA",84,53.191,97.787,0.265,NA,NA
"Amyelois.transitella_PA1_RUN1_CTA","PA1","RUN1","CTA","TSS",366,97.143,84.861,0.82,0,NA
"Amyelois.transitella_PA1_RUN1_CTA","PA1","RUN1","CTA","AUCroc",364,97.143,84.861,0.939,0.5,NA
"Amyelois.transitella_PA1_RUN1_CTA","PA1","RUN1","CTA","KAPPA",799.5,68.571,94.542,0.4,0,NA
"Amyelois.transitella_PA1_RUN1_ANN","PA1","RUN1","ANN","TSS",638,77.143,89.598,0.667,-0.055,NA
"Amyelois.transitella_PA1_RUN1_ANN","PA1","RUN1","ANN","AUCroc",635.5,77.143,89.598,0.869,0.595,NA
"Amyelois.transitella_PA1_RUN1_ANN","PA1","RUN1","ANN","KAPPA",850,42.857,98.558,0.451,-0.047,NA
"Amyelois.transitella_PA1_RUN1_FDA","PA1","RUN1","FDA","TSS",509,74.286,93.924,0.682,0.267,NA
"Amyelois.transitella_PA1_RUN1_FDA","PA1","RUN1","FDA","AUCroc",336.5,82.857,81.565,0.92,0.573,NA
"Amyelois.transitella_PA1_RUN1_FDA","PA1","RUN1","FDA","KAPPA",591,68.571,95.881,0.461,0.178,NA
"Amyelois.transitella_PA1_RUN1_GAM","PA1","RUN1","GAM","TSS",722,100,96.807,0.968,0.204,NA
"Amyelois.transitella_PA1_RUN1_GAM","PA1","RUN1","GAM","AUCroc",723.5,100,96.807,0.988,0.739,NA
"Amyelois.transitella_PA1_RUN1_GAM","PA1","RUN1","GAM","KAPPA",838,88.571,97.734,0.692,0.286,NA
"Amyelois.transitella_PA1_RUN1_GBM","PA1","RUN1","GBM","TSS",505,100,97.528,0.974,0.612,NA
"Amyelois.transitella_PA1_RUN1_GBM","PA1","RUN1","GBM","AUCroc",507.5,100,97.528,0.992,0.723,NA
"Amyelois.transitella_PA1_RUN1_GBM","PA1","RUN1","GBM","KAPPA",723.5,74.286,99.176,0.745,0.647,NA
"Amyelois.transitella_PA1_RUN1_MARS","PA1","RUN1","MARS","TSS",282,100,83.007,0.83,0.026,NA
"Amyelois.transitella_PA1_RUN1_MARS","PA1","RUN1","MARS","AUCroc",504,91.429,87.951,0.961,0.649,NA
"Amyelois.transitella_PA1_RUN1_MARS","PA1","RUN1","MARS","KAPPA",781,77.143,96.189,0.524,0.281,NA
"Amyelois.transitella_PA1_RUN1_MAXNET","PA1","RUN1","MAXNET","TSS",377,85.714,90.834,0.765,-0.112,NA
"Amyelois.transitella_PA1_RUN1_MAXNET","PA1","RUN1","MAXNET","AUCroc",380.5,85.714,91.349,0.946,0.708,NA
"Amyelois.transitella_PA1_RUN1_MAXNET","PA1","RUN1","MAXNET","KAPPA",647,48.571,98.867,0.516,0.423,NA
"Amyelois.transitella_PA1_RUN1_RF","PA1","RUN1","RF","TSS",367.5,100,99.794,0.998,0.19,NA
"Amyelois.transitella_PA1_RUN1_RF","PA1","RUN1","RF","AUCroc",365,100,99.794,1,0.677,NA
"Amyelois.transitella_PA1_RUN1_RF","PA1","RUN1","RF","KAPPA",367.5,100,99.794,0.971,0.177,NA
"Amyelois.transitella_PA1_RUN1_SRE","PA1","RUN1","SRE","TSS",505,74.286,86.509,0.608,0.598,NA
"Amyelois.transitella_PA1_RUN1_SRE","PA1","RUN1","SRE","AUCroc",500,74.286,86.509,0.804,0.799,NA
"Amyelois.transitella_PA1_RUN1_SRE","PA1","RUN1","SRE","KAPPA",505,74.286,86.509,0.227,0.628,NA
"Amyelois.transitella_PA1_RUN1_XGBOOST","PA1","RUN1","XGBOOST","TSS",414.5,100,88.363,0.884,0.474,NA
"Amyelois.transitella_PA1_RUN1_XGBOOST","PA1","RUN1","XGBOOST","AUCroc",657.5,91.429,93.409,0.969,0.716,NA
"Amyelois.transitella_PA1_RUN1_XGBOOST","PA1","RUN1","XGBOOST","KAPPA",794.5,68.571,96.91,0.519,0.423,NA
"Amyelois.transitella_PA1_RUN2_CTA","PA1","RUN2","CTA","TSS",397.5,97.222,87.073,0.843,0.061,NA
"Amyelois.transitella_PA1_RUN2_CTA","PA1","RUN2","CTA","AUCroc",395,97.222,87.073,0.942,0.606,NA
"Amyelois.transitella_PA1_RUN2_CTA","PA1","RUN2","CTA","KAPPA",831,69.444,94.209,0.397,0.119,NA
"Amyelois.transitella_PA1_RUN2_ANN","PA1","RUN2","ANN","TSS",535,97.222,82.834,0.801,0.061,NA
"Amyelois.transitella_PA1_RUN2_ANN","PA1","RUN2","ANN","AUCroc",620,86.111,90.9,0.952,0.45,NA
"Amyelois.transitella_PA1_RUN2_ANN","PA1","RUN2","ANN","KAPPA",901,58.333,97.001,0.466,-0.091,NA
"Amyelois.transitella_PA1_RUN2_FDA","PA1","RUN2","FDA","TSS",333,86.111,84.178,0.701,0.03,NA
"Amyelois.transitella_PA1_RUN2_FDA","PA1","RUN2","FDA","AUCroc",333.5,86.111,84.178,0.922,0.705,NA
"Amyelois.transitella_PA1_RUN2_FDA","PA1","RUN2","FDA","KAPPA",760,52.778,98.656,0.543,0.133,NA
"Amyelois.transitella_PA1_RUN2_GAM","PA1","RUN2","GAM","TSS",687,100,97.415,0.974,0.061,NA
"Amyelois.transitella_PA1_RUN2_GAM","PA1","RUN2","GAM","AUCroc",686,100,97.415,0.992,0.514,NA
"Amyelois.transitella_PA1_RUN2_GAM","PA1","RUN2","GAM","KAPPA",889,86.111,98.656,0.766,0.086,NA
"Amyelois.transitella_PA1_RUN2_GBM","PA1","RUN2","GBM","TSS",500.5,100,97.208,0.972,0.273,NA
"Amyelois.transitella_PA1_RUN2_GBM","PA1","RUN2","GBM","AUCroc",502.5,100,97.208,0.993,0.793,NA
"Amyelois.transitella_PA1_RUN2_GBM","PA1","RUN2","GBM","KAPPA",748,75,99.173,0.752,0.462,NA
"Amyelois.transitella_PA1_RUN2_MARS","PA1","RUN2","MARS","TSS",600,94.444,93.071,0.875,0.061,NA
"Amyelois.transitella_PA1_RUN2_MARS","PA1","RUN2","MARS","AUCroc",596.5,94.444,93.071,0.969,0.558,NA
"Amyelois.transitella_PA1_RUN2_MARS","PA1","RUN2","MARS","KAPPA",918,58.333,97.104,0.508,0.135,NA
"Amyelois.transitella_PA1_RUN2_MAXNET","PA1","RUN2","MAXNET","TSS",325,88.889,90.693,0.795,0.152,NA
"Amyelois.transitella_PA1_RUN2_MAXNET","PA1","RUN2","MAXNET","AUCroc",328,88.889,90.796,0.949,0.713,NA
"Amyelois.transitella_PA1_RUN2_MAXNET","PA1","RUN2","MAXNET","KAPPA",684,52.778,99.276,0.601,0.25,NA
"Amyelois.transitella_PA1_RUN2_RF","PA1","RUN2","RF","TSS",272,100,99.483,0.995,0.152,NA
"Amyelois.transitella_PA1_RUN2_RF","PA1","RUN2","RF","AUCroc",269,100,99.483,1,0.65,NA
"Amyelois.transitella_PA1_RUN2_RF","PA1","RUN2","RF","KAPPA",383,97.222,100,0.985,0.259,NA
"Amyelois.transitella_PA1_RUN2_SRE","PA1","RUN2","SRE","TSS",505,80.556,89.038,0.696,0.091,NA
"Amyelois.transitella_PA1_RUN2_SRE","PA1","RUN2","SRE","AUCroc",500,80.556,89.038,0.848,0.545,NA
"Amyelois.transitella_PA1_RUN2_SRE","PA1","RUN2","SRE","KAPPA",505,80.556,89.038,0.299,0.077,NA
"Amyelois.transitella_PA1_RUN2_XGBOOST","PA1","RUN2","XGBOOST","TSS",475,100,88.108,0.881,0.182,NA
"Amyelois.transitella_PA1_RUN2_XGBOOST","PA1","RUN2","XGBOOST","AUCroc",621.5,97.222,88.521,0.965,0.758,NA
"Amyelois.transitella_PA1_RUN2_XGBOOST","PA1","RUN2","XGBOOST","KAPPA",803,61.111,97.622,0.524,0.415,NA
"Amyelois.transitella_PA1_RUN3_CTA","PA1","RUN3","CTA","TSS",384,97.143,87.76,0.849,0.1,NA
"Amyelois.transitella_PA1_RUN3_CTA","PA1","RUN3","CTA","AUCroc",384,97.143,87.76,0.943,0.589,NA
"Amyelois.transitella_PA1_RUN3_CTA","PA1","RUN3","CTA","KAPPA",824,77.143,93.552,0.416,0.103,NA
"Amyelois.transitella_PA1_RUN3_ANN","PA1","RUN3","ANN","TSS",648,88.571,93.552,0.821,0.325,NA
"Amyelois.transitella_PA1_RUN3_ANN","PA1","RUN3","ANN","AUCroc",647.5,88.571,93.552,0.933,0.746,NA
"Amyelois.transitella_PA1_RUN3_ANN","PA1","RUN3","ANN","KAPPA",901,65.714,98.142,0.598,0.168,NA
"Amyelois.transitella_PA1_RUN3_FDA","PA1","RUN3","FDA","TSS",423,77.143,94.973,0.721,0.22,NA
"Amyelois.transitella_PA1_RUN3_FDA","PA1","RUN3","FDA","AUCroc",371.5,88.571,83.497,0.924,0.7,NA
"Amyelois.transitella_PA1_RUN3_FDA","PA1","RUN3","FDA","KAPPA",485,57.143,98.251,0.567,0.16,NA
"Amyelois.transitella_PA1_RUN3_GAM","PA1","RUN3","GAM","TSS",707,100,97.158,0.972,0.015,NA
"Amyelois.transitella_PA1_RUN3_GAM","PA1","RUN3","GAM","AUCroc",707.5,100,97.158,0.99,0.584,NA
"Amyelois.transitella_PA1_RUN3_GAM","PA1","RUN3","GAM","KAPPA",853.5,88.571,98.033,0.726,0.019,NA
"Amyelois.transitella_PA1_RUN3_GBM","PA1","RUN3","GBM","TSS",497,100,97.596,0.976,0.419,NA
"Amyelois.transitella_PA1_RUN3_GBM","PA1","RUN3","GBM","AUCroc",495,100,97.596,0.995,0.737,NA
"Amyelois.transitella_PA1_RUN3_GBM","PA1","RUN3","GBM","KAPPA",723,74.286,99.672,0.806,0.063,NA
"Amyelois.transitella_PA1_RUN3_MARS","PA1","RUN3","MARS","TSS",523,91.429,90.055,0.843,0.397,NA
"Amyelois.transitella_PA1_RUN3_MARS","PA1","RUN3","MARS","AUCroc",522.5,94.286,90.055,0.961,0.799,NA
"Amyelois.transitella_PA1_RUN3_MARS","PA1","RUN3","MARS","KAPPA",965,42.857,99.454,0.533,0.067,NA
"Amyelois.transitella_PA1_RUN3_MAXNET","PA1","RUN3","MAXNET","TSS",309,82.857,89.617,0.753,0.341,NA
"Amyelois.transitella_PA1_RUN3_MAXNET","PA1","RUN3","MAXNET","AUCroc",307.5,85.714,89.617,0.946,0.847,NA
"Amyelois.transitella_PA1_RUN3_MAXNET","PA1","RUN3","MAXNET","KAPPA",643,51.429,98.689,0.538,0.247,NA
"Amyelois.transitella_PA1_RUN3_RF","PA1","RUN3","RF","TSS",294,100,99.891,0.999,0.169,NA
"Amyelois.transitella_PA1_RUN3_RF","PA1","RUN3","RF","AUCroc",293,100,99.891,1,0.751,NA
"Amyelois.transitella_PA1_RUN3_RF","PA1","RUN3","RF","KAPPA",294,100,99.891,0.985,0.139,NA
"Amyelois.transitella_PA1_RUN3_SRE","PA1","RUN3","SRE","TSS",505,77.143,87.104,0.642,0.218,NA
"Amyelois.transitella_PA1_RUN3_SRE","PA1","RUN3","SRE","AUCroc",500,77.143,87.104,0.821,0.609,NA
"Amyelois.transitella_PA1_RUN3_SRE","PA1","RUN3","SRE","KAPPA",505,77.143,87.104,0.256,0.132,NA
"Amyelois.transitella_PA1_RUN3_XGBOOST","PA1","RUN3","XGBOOST","TSS",394,94.286,91.038,0.853,0.101,NA
"Amyelois.transitella_PA1_RUN3_XGBOOST","PA1","RUN3","XGBOOST","AUCroc",393,94.286,91.038,0.973,0.64,NA
"Amyelois.transitella_PA1_RUN3_XGBOOST","PA1","RUN3","XGBOOST","KAPPA",796,65.714,98.033,0.589,0.16,NA
"Amyelois.transitella_PA1_RUN4_CTA","PA1","RUN4","CTA","TSS",438,100,23.129,0.231,-0.081,NA
"Amyelois.transitella_PA1_RUN4_CTA","PA1","RUN4","CTA","AUCroc",433.5,100,23.129,0.616,0.459,NA
"Amyelois.transitella_PA1_RUN4_CTA","PA1","RUN4","CTA","KAPPA",438,100,23.129,0.104,-0.002,NA
"Amyelois.transitella_PA1_RUN4_ANN","PA1","RUN4","ANN","TSS",433,91.429,40.136,0.316,-0.116,NA
"Amyelois.transitella_PA1_RUN4_ANN","PA1","RUN4","ANN","AUCroc",433,91.429,40.136,0.699,0.543,NA
"Amyelois.transitella_PA1_RUN4_ANN","PA1","RUN4","ANN","KAPPA",584,34.286,89.796,0.264,0.094,NA
"Amyelois.transitella_PA1_RUN4_FDA","PA1","RUN4","FDA","TSS",449,57.143,97.279,0.544,0.204,NA
"Amyelois.transitella_PA1_RUN4_FDA","PA1","RUN4","FDA","AUCroc",416.5,77.143,78.912,0.839,0.674,NA
"Amyelois.transitella_PA1_RUN4_FDA","PA1","RUN4","FDA","KAPPA",449,57.143,97.279,0.618,0.092,NA
"Amyelois.transitella_PA1_RUN4_GAM","PA1","RUN4","GAM","TSS",874,100,94.558,0.946,0.031,NA
"Amyelois.transitella_PA1_RUN4_GAM","PA1","RUN4","GAM","AUCroc",869,100,94.558,0.973,0.511,NA
"Amyelois.transitella_PA1_RUN4_GAM","PA1","RUN4","GAM","KAPPA",874,100,94.558,0.87,0.006,NA
"Amyelois.transitella_PA1_RUN4_GBM","PA1","RUN4","GBM","TSS",595.5,100,91.156,0.912,0.249,NA
"Amyelois.transitella_PA1_RUN4_GBM","PA1","RUN4","GBM","AUCroc",655,97.143,93.878,0.989,0.68,NA
"Amyelois.transitella_PA1_RUN4_GBM","PA1","RUN4","GBM","KAPPA",746,88.571,96.599,0.843,0.152,NA
"Amyelois.transitella_PA1_RUN4_MARS","PA1","RUN4","MARS","TSS",873,82.857,76.871,0.597,0.324,NA
"Amyelois.transitella_PA1_RUN4_MARS","PA1","RUN4","MARS","AUCroc",870.5,85.714,76.871,0.874,0.693,NA
"Amyelois.transitella_PA1_RUN4_MARS","PA1","RUN4","MARS","KAPPA",963,42.857,97.959,0.486,0,NA
"Amyelois.transitella_PA1_RUN4_MAXNET","PA1","RUN4","MAXNET","TSS",461.5,74.286,87.075,0.614,0.313,NA
"Amyelois.transitella_PA1_RUN4_MAXNET","PA1","RUN4","MAXNET","AUCroc",439.5,77.143,83.673,0.879,0.599,NA
"Amyelois.transitella_PA1_RUN4_MAXNET","PA1","RUN4","MAXNET","KAPPA",580.5,54.286,97.959,0.609,0.263,NA
"Amyelois.transitella_PA1_RUN4_RF","PA1","RUN4","RF","TSS",337,100,100,1,0.146,NA
"Amyelois.transitella_PA1_RUN4_RF","PA1","RUN4","RF","AUCroc",337,100,100,1,0.571,NA
"Amyelois.transitella_PA1_RUN4_RF","PA1","RUN4","RF","KAPPA",337,100,100,1,0.11,NA
"Amyelois.transitella_PA1_RUN4_SRE","PA1","RUN4","SRE","TSS",505,74.286,74.15,0.484,0.329,NA
"Amyelois.transitella_PA1_RUN4_SRE","PA1","RUN4","SRE","AUCroc",500,74.286,74.15,0.742,0.664,NA
"Amyelois.transitella_PA1_RUN4_SRE","PA1","RUN4","SRE","KAPPA",505,74.286,74.15,0.368,0.393,NA
"Amyelois.transitella_PA1_RUN4_XGBOOST","PA1","RUN4","XGBOOST","TSS",719,97.143,80.952,0.781,0.407,NA
"Amyelois.transitella_PA1_RUN4_XGBOOST","PA1","RUN4","XGBOOST","AUCroc",720.5,97.143,80.952,0.918,0.708,NA
"Amyelois.transitella_PA1_RUN4_XGBOOST","PA1","RUN4","XGBOOST","KAPPA",872,88.571,84.354,0.604,0.393,NA
"Amyelois.transitella_PA2_RUN1_CTA","PA2","RUN1","CTA","TSS",397,97.143,87.77,0.849,0.148,NA
"Amyelois.transitella_PA2_RUN1_CTA","PA2","RUN1","CTA","AUCroc",392.5,97.143,87.77,0.947,0.574,NA
"Amyelois.transitella_PA2_RUN1_CTA","PA2","RUN1","CTA","KAPPA",834.5,68.571,95.067,0.422,0.097,NA
"Amyelois.transitella_PA2_RUN1_ANN","PA2","RUN1","ANN","TSS",793,97.143,90.647,0.878,0.028,NA
"Amyelois.transitella_PA2_RUN1_ANN","PA2","RUN1","ANN","AUCroc",794.5,97.143,90.647,0.954,0.613,NA
"Amyelois.transitella_PA2_RUN1_ANN","PA2","RUN1","ANN","KAPPA",907,37.143,99.383,0.468,0.199,NA
"Amyelois.transitella_PA2_RUN1_FDA","PA2","RUN1","FDA","TSS",389,80,88.078,0.679,0.12,NA
"Amyelois.transitella_PA2_RUN1_FDA","PA2","RUN1","FDA","AUCroc",341.5,85.714,82.117,0.927,0.528,NA
"Amyelois.transitella_PA2_RUN1_FDA","PA2","RUN1","FDA","KAPPA",552,71.429,94.964,0.427,0.153,NA
"Amyelois.transitella_PA2_RUN1_GAM","PA2","RUN1","GAM","TSS",545,100,93.731,0.937,0.194,NA
"Amyelois.transitella_PA2_RUN1_GAM","PA2","RUN1","GAM","AUCroc",744.5,97.143,95.375,0.977,0.662,NA
"Amyelois.transitella_PA2_RUN1_GAM","PA2","RUN1","GAM","KAPPA",778,94.286,95.992,0.598,0.12,NA
"Amyelois.transitella_PA2_RUN1_GBM","PA2","RUN1","GBM","TSS",494,100,97.328,0.973,0.565,NA
"Amyelois.transitella_PA2_RUN1_GBM","PA2","RUN1","GBM","AUCroc",495.5,100,97.328,0.992,0.758,NA
"Amyelois.transitella_PA2_RUN1_GBM","PA2","RUN1","GBM","KAPPA",701,74.286,99.075,0.734,0.569,NA
"Amyelois.transitella_PA2_RUN1_MARS","PA2","RUN1","MARS","TSS",393,100,88.181,0.882,0.083,NA
"Amyelois.transitella_PA2_RUN1_MARS","PA2","RUN1","MARS","AUCroc",461.5,97.143,89.825,0.967,0.466,NA
"Amyelois.transitella_PA2_RUN1_MARS","PA2","RUN1","MARS","KAPPA",906,62.857,97.431,0.517,0.062,NA
"Amyelois.transitella_PA2_RUN1_MAXNET","PA2","RUN1","MAXNET","TSS",302,91.429,88.181,0.796,0.074,NA
"Amyelois.transitella_PA2_RUN1_MAXNET","PA2","RUN1","MAXNET","AUCroc",302.5,91.429,88.181,0.952,0.455,NA
"Amyelois.transitella_PA2_RUN1_MAXNET","PA2","RUN1","MAXNET","KAPPA",622,54.286,98.767,0.583,0.034,NA
"Amyelois.transitella_PA2_RUN1_RF","PA2","RUN1","RF","TSS",378,100,99.794,0.998,0.389,NA
"Amyelois.transitella_PA2_RUN1_RF","PA2","RUN1","RF","AUCroc",379,100,99.794,1,0.6,NA
"Amyelois.transitella_PA2_RUN1_RF","PA2","RUN1","RF","KAPPA",378,100,99.794,0.971,0.418,NA
"Amyelois.transitella_PA2_RUN1_SRE","PA2","RUN1","SRE","TSS",505,74.286,86.536,0.608,0.481,NA
"Amyelois.transitella_PA2_RUN1_SRE","PA2","RUN1","SRE","AUCroc",500,74.286,86.536,0.804,0.741,NA
"Amyelois.transitella_PA2_RUN1_SRE","PA2","RUN1","SRE","KAPPA",505,74.286,86.536,0.227,0.471,NA
"Amyelois.transitella_PA2_RUN1_XGBOOST","PA2","RUN1","XGBOOST","TSS",489,100,90.134,0.901,0.528,NA
"Amyelois.transitella_PA2_RUN1_XGBOOST","PA2","RUN1","XGBOOST","AUCroc",538,97.143,91.881,0.973,0.698,NA
"Amyelois.transitella_PA2_RUN1_XGBOOST","PA2","RUN1","XGBOOST","KAPPA",787,68.571,96.608,0.5,0.54,NA
"Amyelois.transitella_PA2_RUN2_CTA","PA2","RUN2","CTA","TSS",523.5,94.444,92.021,0.865,0.047,NA
"Amyelois.transitella_PA2_RUN2_CTA","PA2","RUN2","CTA","AUCroc",522,94.444,92.021,0.953,0.523,NA
"Amyelois.transitella_PA2_RUN2_CTA","PA2","RUN2","CTA","KAPPA",866,83.333,94.093,0.46,0.026,NA
"Amyelois.transitella_PA2_RUN2_ANN","PA2","RUN2","ANN","TSS",403,97.222,86.218,0.834,-0.034,NA
"Amyelois.transitella_PA2_RUN2_ANN","PA2","RUN2","ANN","AUCroc",458,91.667,90.052,0.944,0.512,NA
"Amyelois.transitella_PA2_RUN2_ANN","PA2","RUN2","ANN","KAPPA",782,86.111,95.337,0.531,-0.021,NA
"Amyelois.transitella_PA2_RUN2_FDA","PA2","RUN2","FDA","TSS",326,83.333,86.01,0.692,0.047,NA
"Amyelois.transitella_PA2_RUN2_FDA","PA2","RUN2","FDA","AUCroc",312.5,86.111,83.938,0.928,0.638,NA
"Amyelois.transitella_PA2_RUN2_FDA","PA2","RUN2","FDA","KAPPA",684,61.111,98.238,0.571,0.213,NA
"Amyelois.transitella_PA2_RUN2_GAM","PA2","RUN2","GAM","TSS",646,100,95.855,0.959,0.265,NA
"Amyelois.transitella_PA2_RUN2_GAM","PA2","RUN2","GAM","AUCroc",755,97.222,97.098,0.986,0.612,NA
"Amyelois.transitella_PA2_RUN2_GAM","PA2","RUN2","GAM","KAPPA",848,86.111,97.824,0.691,0.166,NA
"Amyelois.transitella_PA2_RUN2_GBM","PA2","RUN2","GBM","TSS",527,100,97.927,0.979,0.236,NA
"Amyelois.transitella_PA2_RUN2_GBM","PA2","RUN2","GBM","AUCroc",533.5,100,98.031,0.995,0.682,NA
"Amyelois.transitella_PA2_RUN2_GBM","PA2","RUN2","GBM","KAPPA",728,75,99.689,0.812,0.143,NA
"Amyelois.transitella_PA2_RUN2_MARS","PA2","RUN2","MARS","TSS",333,97.222,86.943,0.869,-0.016,NA
"Amyelois.transitella_PA2_RUN2_MARS","PA2","RUN2","MARS","AUCroc",471.5,94.444,90.259,0.967,0.486,NA
"Amyelois.transitella_PA2_RUN2_MARS","PA2","RUN2","MARS","KAPPA",899,63.889,97.617,0.543,0.015,NA
"Amyelois.transitella_PA2_RUN2_MAXNET","PA2","RUN2","MAXNET","TSS",292,88.889,89.637,0.784,-0.034,NA
"Amyelois.transitella_PA2_RUN2_MAXNET","PA2","RUN2","MAXNET","AUCroc",293,88.889,89.637,0.952,0.681,NA
"Amyelois.transitella_PA2_RUN2_MAXNET","PA2","RUN2","MAXNET","KAPPA",655,55.556,98.86,0.583,0.265,NA
"Amyelois.transitella_PA2_RUN2_RF","PA2","RUN2","RF","TSS",384,100,99.896,0.999,0.182,NA
"Amyelois.transitella_PA2_RUN2_RF","PA2","RUN2","RF","AUCroc",384,100,99.896,1,0.514,NA
"Amyelois.transitella_PA2_RUN2_RF","PA2","RUN2","RF","KAPPA",384,100,99.896,0.986,0.253,NA
"Amyelois.transitella_PA2_RUN2_SRE","PA2","RUN2","SRE","TSS",505,80.556,89.741,0.703,0.169,NA
"Amyelois.transitella_PA2_RUN2_SRE","PA2","RUN2","SRE","AUCroc",500,80.556,89.741,0.851,0.584,NA
"Amyelois.transitella_PA2_RUN2_SRE","PA2","RUN2","SRE","KAPPA",505,80.556,89.741,0.315,0.15,NA
"Amyelois.transitella_PA2_RUN2_XGBOOST","PA2","RUN2","XGBOOST","TSS",528,100,90.466,0.905,0.218,NA
"Amyelois.transitella_PA2_RUN2_XGBOOST","PA2","RUN2","XGBOOST","AUCroc",595.5,97.222,90.881,0.976,0.682,NA
"Amyelois.transitella_PA2_RUN2_XGBOOST","PA2","RUN2","XGBOOST","KAPPA",749.5,80.556,96.891,0.592,0.137,NA
"Amyelois.transitella_PA2_RUN3_CTA","PA2","RUN3","CTA","TSS",403,97.143,88.829,0.86,0.103,NA
"Amyelois.transitella_PA2_RUN3_CTA","PA2","RUN3","CTA","AUCroc",401.5,97.143,88.829,0.945,0.581,NA
"Amyelois.transitella_PA2_RUN3_CTA","PA2","RUN3","CTA","KAPPA",842,77.143,93.601,0.416,0.059,NA
"Amyelois.transitella_PA2_RUN3_ANN","PA2","RUN3","ANN","TSS",667,94.286,83.08,0.774,0.244,NA
"Amyelois.transitella_PA2_RUN3_ANN","PA2","RUN3","ANN","AUCroc",667.5,94.286,83.08,0.908,0.79,NA
"Amyelois.transitella_PA2_RUN3_ANN","PA2","RUN3","ANN","KAPPA",866,60,95.662,0.41,0.371,NA
"Amyelois.transitella_PA2_RUN3_FDA","PA2","RUN3","FDA","TSS",331,94.286,77.007,0.705,0.128,NA
"Amyelois.transitella_PA2_RUN3_FDA","PA2","RUN3","FDA","AUCroc",339.5,88.571,82.538,0.93,0.663,NA
"Amyelois.transitella_PA2_RUN3_FDA","PA2","RUN3","FDA","KAPPA",643,51.429,97.831,0.473,0.174,NA
"Amyelois.transitella_PA2_RUN3_GAM","PA2","RUN3","GAM","TSS",682,100,97.072,0.971,0.109,NA
"Amyelois.transitella_PA2_RUN3_GAM","PA2","RUN3","GAM","AUCroc",682,100,97.072,0.991,0.539,NA
"Amyelois.transitella_PA2_RUN3_GAM","PA2","RUN3","GAM","KAPPA",793,97.143,98.156,0.781,0.078,NA
"Amyelois.transitella_PA2_RUN3_GBM","PA2","RUN3","GBM","TSS",500,100,97.397,0.974,0.295,NA
"Amyelois.transitella_PA2_RUN3_GBM","PA2","RUN3","GBM","AUCroc",501,100,97.397,0.996,0.683,NA
"Amyelois.transitella_PA2_RUN3_GBM","PA2","RUN3","GBM","KAPPA",582,91.429,98.915,0.824,0.211,NA
"Amyelois.transitella_PA2_RUN3_MARS","PA2","RUN3","MARS","TSS",535,94.286,90.564,0.848,0.237,NA
"Amyelois.transitella_PA2_RUN3_MARS","PA2","RUN3","MARS","AUCroc",539,94.286,90.781,0.96,0.728,NA
"Amyelois.transitella_PA2_RUN3_MARS","PA2","RUN3","MARS","KAPPA",817,77.143,94.685,0.459,0.242,NA
"Amyelois.transitella_PA2_RUN3_MAXNET","PA2","RUN3","MAXNET","TSS",309,88.571,90.456,0.79,0.462,NA
"Amyelois.transitella_PA2_RUN3_MAXNET","PA2","RUN3","MAXNET","AUCroc",313.5,88.571,90.564,0.951,0.8,NA
"Amyelois.transitella_PA2_RUN3_MAXNET","PA2","RUN3","MAXNET","KAPPA",709,37.143,99.783,0.509,0.085,NA
"Amyelois.transitella_PA2_RUN3_RF","PA2","RUN3","RF","TSS",370,100,100,1,0.173,NA
"Amyelois.transitella_PA2_RUN3_RF","PA2","RUN3","RF","AUCroc",366,100,100,1,0.692,NA
"Amyelois.transitella_PA2_RUN3_RF","PA2","RUN3","RF","KAPPA",370,100,100,1,0.194,NA
"Amyelois.transitella_PA2_RUN3_SRE","PA2","RUN3","SRE","TSS",505,77.143,87.202,0.643,0.269,NA
"Amyelois.transitella_PA2_RUN3_SRE","PA2","RUN3","SRE","AUCroc",500,77.143,87.202,0.822,0.635,NA
"Amyelois.transitella_PA2_RUN3_SRE","PA2","RUN3","SRE","KAPPA",505,77.143,87.202,0.256,0.189,NA
"Amyelois.transitella_PA2_RUN3_XGBOOST","PA2","RUN3","XGBOOST","TSS",357,100,82.972,0.829,0.231,NA
"Amyelois.transitella_PA2_RUN3_XGBOOST","PA2","RUN3","XGBOOST","AUCroc",366.5,88.571,92.191,0.97,0.66,NA
"Amyelois.transitella_PA2_RUN3_XGBOOST","PA2","RUN3","XGBOOST","KAPPA",792,60,98.807,0.613,0.242,NA
"Amyelois.transitella_PA2_RUN4_CTA","PA2","RUN4","CTA","TSS",438,100,19.286,0.193,-0.061,NA
"Amyelois.transitella_PA2_RUN4_CTA","PA2","RUN4","CTA","AUCroc",433.5,100,19.286,0.596,0.47,NA
"Amyelois.transitella_PA2_RUN4_CTA","PA2","RUN4","CTA","KAPPA",438,100,19.286,0.087,-0.002,NA
"Amyelois.transitella_PA2_RUN4_ANN","PA2","RUN4","ANN","TSS",489.5,80,47.143,0.271,-0.312,NA
"Amyelois.transitella_PA2_RUN4_ANN","PA2","RUN4","ANN","AUCroc",490.5,80,47.143,0.644,0.389,NA
"Amyelois.transitella_PA2_RUN4_ANN","PA2","RUN4","ANN","KAPPA",489.5,80,47.143,0.158,-0.012,NA
"Amyelois.transitella_PA2_RUN4_FDA","PA2","RUN4","FDA","TSS",432,71.429,81.429,0.557,0.248,NA
"Amyelois.transitella_PA2_RUN4_FDA","PA2","RUN4","FDA","AUCroc",422.5,82.857,73.571,0.832,0.73,NA
"Amyelois.transitella_PA2_RUN4_FDA","PA2","RUN4","FDA","KAPPA",432,71.429,81.429,0.471,0.068,NA
"Amyelois.transitella_PA2_RUN4_GAM","PA2","RUN4","GAM","TSS",788,100,87.143,0.871,0.304,NA
"Amyelois.transitella_PA2_RUN4_GAM","PA2","RUN4","GAM","AUCroc",822,97.143,88.571,0.946,0.643,NA
"Amyelois.transitella_PA2_RUN4_GAM","PA2","RUN4","GAM","KAPPA",788,100,87.143,0.731,0.179,NA
"Amyelois.transitella_PA2_RUN4_GBM","PA2","RUN4","GBM","TSS",616,100,90.714,0.907,0.238,NA
"Amyelois.transitella_PA2_RUN4_GBM","PA2","RUN4","GBM","AUCroc",669,94.286,94.286,0.981,0.614,NA
"Amyelois.transitella_PA2_RUN4_GBM","PA2","RUN4","GBM","KAPPA",671,91.429,94.286,0.832,0.068,NA
"Amyelois.transitella_PA2_RUN4_MARS","PA2","RUN4","MARS","TSS",714,97.143,62.857,0.6,0.326,NA
"Amyelois.transitella_PA2_RUN4_MARS","PA2","RUN4","MARS","AUCroc",842.5,82.857,70.714,0.871,0.74,NA
"Amyelois.transitella_PA2_RUN4_MARS","PA2","RUN4","MARS","KAPPA",958,60,92.857,0.552,-0.004,NA
"Amyelois.transitella_PA2_RUN4_MAXNET","PA2","RUN4","MAXNET","TSS",343,91.429,65.714,0.571,0.218,NA
"Amyelois.transitella_PA2_RUN4_MAXNET","PA2","RUN4","MAXNET","AUCroc",347.5,91.429,66.429,0.854,0.596,NA
"Amyelois.transitella_PA2_RUN4_MAXNET","PA2","RUN4","MAXNET","KAPPA",595,48.571,96.429,0.523,0.152,NA
"Amyelois.transitella_PA2_RUN4_RF","PA2","RUN4","RF","TSS",365,100,99.286,0.993,0.202,NA
"Amyelois.transitella_PA2_RUN4_RF","PA2","RUN4","RF","AUCroc",363,100,99.286,0.999,0.467,NA
"Amyelois.transitella_PA2_RUN4_RF","PA2","RUN4","RF","KAPPA",365,100,99.286,0.982,0.038,NA
"Amyelois.transitella_PA2_RUN4_SRE","PA2","RUN4","SRE","TSS",505,74.286,70,0.443,0.331,NA
"Amyelois.transitella_PA2_RUN4_SRE","PA2","RUN4","SRE","AUCroc",500,74.286,70,0.721,0.666,NA
"Amyelois.transitella_PA2_RUN4_SRE","PA2","RUN4","SRE","KAPPA",505,74.286,70,0.327,0.439,NA
"Amyelois.transitella_PA2_RUN4_XGBOOST","PA2","RUN4","XGBOOST","TSS",742,100,71.429,0.714,0.472,NA
"Amyelois.transitella_PA2_RUN4_XGBOOST","PA2","RUN4","XGBOOST","AUCroc",857.5,91.429,78.571,0.901,0.762,NA
"Amyelois.transitella_PA2_RUN4_XGBOOST","PA2","RUN4","XGBOOST","KAPPA",954,0,100,0.569,0.374,NA
"Amyelois.transitella_PA3_RUN1_CTA","PA3","RUN1","CTA","TSS",399,97.143,76.78,0.739,0,NA
"Amyelois.transitella_PA3_RUN1_CTA","PA3","RUN1","CTA","AUCroc",397.5,97.143,76.78,0.872,0.5,NA
"Amyelois.transitella_PA3_RUN1_CTA","PA3","RUN1","CTA","KAPPA",399,97.143,76.78,0.181,0,NA
"Amyelois.transitella_PA3_RUN1_ANN","PA3","RUN1","ANN","TSS",429.5,94.286,88.029,0.823,0,NA
"Amyelois.transitella_PA3_RUN1_ANN","PA3","RUN1","ANN","AUCroc",429,94.286,88.029,0.934,0.406,NA
"Amyelois.transitella_PA3_RUN1_ANN","PA3","RUN1","ANN","KAPPA",824.5,68.571,94.118,0.384,-0.21,NA
"Amyelois.transitella_PA3_RUN1_FDA","PA3","RUN1","FDA","TSS",520,74.286,95.356,0.696,0.363,NA
"Amyelois.transitella_PA3_RUN1_FDA","PA3","RUN1","FDA","AUCroc",302,88.571,80.805,0.933,0.57,NA
"Amyelois.transitella_PA3_RUN1_FDA","PA3","RUN1","FDA","KAPPA",627,62.857,96.801,0.496,0.298,NA
"Amyelois.transitella_PA3_RUN1_GAM","PA3","RUN1","GAM","TSS",550.5,100,94.324,0.943,0.113,NA
"Amyelois.transitella_PA3_RUN1_GAM","PA3","RUN1","GAM","AUCroc",692,97.143,95.975,0.98,0.651,NA
"Amyelois.transitella_PA3_RUN1_GAM","PA3","RUN1","GAM","KAPPA",737,94.286,96.285,0.617,0.161,NA
"Amyelois.transitella_PA3_RUN1_GBM","PA3","RUN1","GBM","TSS",489.5,100,97.833,0.978,0.524,NA
"Amyelois.transitella_PA3_RUN1_GBM","PA3","RUN1","GBM","AUCroc",489,100,97.833,0.993,0.71,NA
"Amyelois.transitella_PA3_RUN1_GBM","PA3","RUN1","GBM","KAPPA",669.5,85.714,98.762,0.77,0.517,NA
"Amyelois.transitella_PA3_RUN1_MARS","PA3","RUN1","MARS","TSS",353,97.143,87.1,0.842,0.054,NA
"Amyelois.transitella_PA3_RUN1_MARS","PA3","RUN1","MARS","AUCroc",497.5,91.429,90.299,0.965,0.688,NA
"Amyelois.transitella_PA3_RUN1_MARS","PA3","RUN1","MARS","KAPPA",878,68.571,97.007,0.526,0.348,NA
"Amyelois.transitella_PA3_RUN1_MAXNET","PA3","RUN1","MAXNET","TSS",373,82.857,93.498,0.792,0.097,NA
"Amyelois.transitella_PA3_RUN1_MAXNET","PA3","RUN1","MAXNET","AUCroc",371.5,85.714,93.498,0.952,0.605,NA
"Amyelois.transitella_PA3_RUN1_MAXNET","PA3","RUN1","MAXNET","KAPPA",604,51.429,98.349,0.505,0.176,NA
"Amyelois.transitella_PA3_RUN1_RF","PA3","RUN1","RF","TSS",383,100,99.897,0.999,0.288,NA
"Amyelois.transitella_PA3_RUN1_RF","PA3","RUN1","RF","AUCroc",384,100,99.897,1,0.656,NA
"Amyelois.transitella_PA3_RUN1_RF","PA3","RUN1","RF","KAPPA",383,100,99.897,0.985,0.311,NA
"Amyelois.transitella_PA3_RUN1_SRE","PA3","RUN1","SRE","TSS",505,74.286,86.275,0.606,0.538,NA
"Amyelois.transitella_PA3_RUN1_SRE","PA3","RUN1","SRE","AUCroc",500,74.286,86.275,0.803,0.769,NA
"Amyelois.transitella_PA3_RUN1_SRE","PA3","RUN1","SRE","KAPPA",505,74.286,86.275,0.224,0.538,NA
"Amyelois.transitella_PA3_RUN1_XGBOOST","PA3","RUN1","XGBOOST","TSS",584,100,90.299,0.903,0.46,NA
"Amyelois.transitella_PA3_RUN1_XGBOOST","PA3","RUN1","XGBOOST","AUCroc",583,100,90.299,0.974,0.655,NA
"Amyelois.transitella_PA3_RUN1_XGBOOST","PA3","RUN1","XGBOOST","KAPPA",832,68.571,97.214,0.539,0.399,NA
"Amyelois.transitella_PA3_RUN2_CTA","PA3","RUN2","CTA","TSS",601.5,88.889,91.864,0.808,-0.044,NA
"Amyelois.transitella_PA3_RUN2_CTA","PA3","RUN2","CTA","AUCroc",599.5,88.889,91.864,0.922,0.478,NA
"Amyelois.transitella_PA3_RUN2_CTA","PA3","RUN2","CTA","KAPPA",601.5,88.889,91.864,0.403,-0.027,NA
"Amyelois.transitella_PA3_RUN2_ANN","PA3","RUN2","ANN","TSS",422.5,97.222,88.774,0.86,-0.022,NA
"Amyelois.transitella_PA3_RUN2_ANN","PA3","RUN2","ANN","AUCroc",768.5,91.667,93.821,0.945,0.492,NA
"Amyelois.transitella_PA3_RUN2_ANN","PA3","RUN2","ANN","KAPPA",768.5,91.667,93.821,0.485,-0.013,NA
"Amyelois.transitella_PA3_RUN2_FDA","PA3","RUN2","FDA","TSS",287,91.667,80.639,0.72,0.185,NA
"Amyelois.transitella_PA3_RUN2_FDA","PA3","RUN2","FDA","AUCroc",315.5,86.111,85.891,0.932,0.632,NA
"Amyelois.transitella_PA3_RUN2_FDA","PA3","RUN2","FDA","KAPPA",776,55.556,97.837,0.5,0.29,NA
"Amyelois.transitella_PA3_RUN2_GAM","PA3","RUN2","GAM","TSS",788,97.222,98.249,0.982,-0.05,NA
"Amyelois.transitella_PA3_RUN2_GAM","PA3","RUN2","GAM","AUCroc",786.5,100,98.249,0.993,0.522,NA
"Amyelois.transitella_PA3_RUN2_GAM","PA3","RUN2","GAM","KAPPA",869,88.889,98.867,0.802,-0.014,NA
"Amyelois.transitella_PA3_RUN2_GBM","PA3","RUN2","GBM","TSS",508,100,98.043,0.98,0.245,NA
"Amyelois.transitella_PA3_RUN2_GBM","PA3","RUN2","GBM","AUCroc",508,100,98.043,0.996,0.749,NA
"Amyelois.transitella_PA3_RUN2_GBM","PA3","RUN2","GBM","KAPPA",609,88.889,99.176,0.836,0.324,NA
"Amyelois.transitella_PA3_RUN2_MARS","PA3","RUN2","MARS","TSS",232,100,83.316,0.833,0.013,NA
"Amyelois.transitella_PA3_RUN2_MARS","PA3","RUN2","MARS","AUCroc",530,91.667,91.143,0.968,0.683,NA
"Amyelois.transitella_PA3_RUN2_MARS","PA3","RUN2","MARS","KAPPA",897,66.667,97.528,0.553,0.286,NA
"Amyelois.transitella_PA3_RUN2_MAXNET","PA3","RUN2","MAXNET","TSS",311,88.889,90.834,0.797,0.116,NA
"Amyelois.transitella_PA3_RUN2_MAXNET","PA3","RUN2","MAXNET","AUCroc",317.5,88.889,91.143,0.955,0.705,NA
"Amyelois.transitella_PA3_RUN2_MAXNET","PA3","RUN2","MAXNET","KAPPA",643,55.556,98.867,0.583,0.336,NA
"Amyelois.transitella_PA3_RUN2_RF","PA3","RUN2","RF","TSS",348,100,99.897,0.999,0.044,NA
"Amyelois.transitella_PA3_RUN2_RF","PA3","RUN2","RF","AUCroc",347,100,99.897,1,0.589,NA
"Amyelois.transitella_PA3_RUN2_RF","PA3","RUN2","RF","KAPPA",348,100,99.897,0.986,0.051,NA
"Amyelois.transitella_PA3_RUN2_SRE","PA3","RUN2","SRE","TSS",505,80.556,88.98,0.695,0.179,NA
"Amyelois.transitella_PA3_RUN2_SRE","PA3","RUN2","SRE","AUCroc",500,80.556,88.98,0.848,0.589,NA
"Amyelois.transitella_PA3_RUN2_SRE","PA3","RUN2","SRE","KAPPA",505,80.556,88.98,0.297,0.169,NA
"Amyelois.transitella_PA3_RUN2_XGBOOST","PA3","RUN2","XGBOOST","TSS",446,100,89.392,0.894,0.219,NA
"Amyelois.transitella_PA3_RUN2_XGBOOST","PA3","RUN2","XGBOOST","AUCroc",538,94.444,94.336,0.982,0.654,NA
"Amyelois.transitella_PA3_RUN2_XGBOOST","PA3","RUN2","XGBOOST","KAPPA",745,83.333,97.425,0.644,0.215,NA
"Amyelois.transitella_PA3_RUN3_CTA","PA3","RUN3","CTA","TSS",340,100,93.483,0.935,0.172,NA
"Amyelois.transitella_PA3_RUN3_CTA","PA3","RUN3","CTA","AUCroc",720.5,97.143,94.551,0.982,0.61,NA
"Amyelois.transitella_PA3_RUN3_CTA","PA3","RUN3","CTA","KAPPA",875,85.714,96.795,0.614,0.171,NA
"Amyelois.transitella_PA3_RUN3_ANN","PA3","RUN3","ANN","TSS",855,94.286,93.91,0.882,-0.021,NA
"Amyelois.transitella_PA3_RUN3_ANN","PA3","RUN3","ANN","AUCroc",854.5,94.286,93.91,0.949,0.571,NA
"Amyelois.transitella_PA3_RUN3_ANN","PA3","RUN3","ANN","KAPPA",855,94.286,93.91,0.502,-0.012,NA
"Amyelois.transitella_PA3_RUN3_FDA","PA3","RUN3","FDA","TSS",349,85.714,85.363,0.707,0.203,NA
"Amyelois.transitella_PA3_RUN3_FDA","PA3","RUN3","FDA","AUCroc",352.5,85.714,86.325,0.92,0.671,NA
"Amyelois.transitella_PA3_RUN3_FDA","PA3","RUN3","FDA","KAPPA",569,57.143,97.436,0.486,0.041,NA
"Amyelois.transitella_PA3_RUN3_GAM","PA3","RUN3","GAM","TSS",662,100,96.902,0.969,0.062,NA
"Amyelois.transitella_PA3_RUN3_GAM","PA3","RUN3","GAM","AUCroc",661,100,96.902,0.988,0.54,NA
"Amyelois.transitella_PA3_RUN3_GAM","PA3","RUN3","GAM","KAPPA",793,97.143,97.436,0.719,0.073,NA
"Amyelois.transitella_PA3_RUN3_GBM","PA3","RUN3","GBM","TSS",514.5,100,98.291,0.983,0.396,NA
"Amyelois.transitella_PA3_RUN3_GBM","PA3","RUN3","GBM","AUCroc",512.5,100,98.291,0.997,0.707,NA
"Amyelois.transitella_PA3_RUN3_GBM","PA3","RUN3","GBM","KAPPA",592,85.714,99.359,0.839,0.303,NA
"Amyelois.transitella_PA3_RUN3_MARS","PA3","RUN3","MARS","TSS",251,100,82.799,0.828,0.344,NA
"Amyelois.transitella_PA3_RUN3_MARS","PA3","RUN3","MARS","AUCroc",606,88.571,93.162,0.964,0.734,NA
"Amyelois.transitella_PA3_RUN3_MARS","PA3","RUN3","MARS","KAPPA",782,82.857,95.833,0.541,0.204,NA
"Amyelois.transitella_PA3_RUN3_MAXNET","PA3","RUN3","MAXNET","TSS",219,94.286,83.974,0.78,0.172,NA
"Amyelois.transitella_PA3_RUN3_MAXNET","PA3","RUN3","MAXNET","AUCroc",223.5,94.286,84.295,0.953,0.81,NA
"Amyelois.transitella_PA3_RUN3_MAXNET","PA3","RUN3","MAXNET","KAPPA",598,60,98.291,0.567,0.186,NA
"Amyelois.transitella_PA3_RUN3_RF","PA3","RUN3","RF","TSS",329,100,100,1,0.245,NA
"Amyelois.transitella_PA3_RUN3_RF","PA3","RUN3","RF","AUCroc",326,100,100,1,0.731,NA
"Amyelois.transitella_PA3_RUN3_RF","PA3","RUN3","RF","KAPPA",329,100,100,1,0.216,NA
"Amyelois.transitella_PA3_RUN3_SRE","PA3","RUN3","SRE","TSS",505,77.143,87.607,0.647,0.172,NA
"Amyelois.transitella_PA3_RUN3_SRE","PA3","RUN3","SRE","AUCroc",500,77.143,87.607,0.824,0.586,NA
"Amyelois.transitella_PA3_RUN3_SRE","PA3","RUN3","SRE","KAPPA",505,77.143,87.607,0.261,0.114,NA
"Amyelois.transitella_PA3_RUN3_XGBOOST","PA3","RUN3","XGBOOST","TSS",492,94.286,92.415,0.867,0.094,NA
"Amyelois.transitella_PA3_RUN3_XGBOOST","PA3","RUN3","XGBOOST","AUCroc",493,94.286,92.415,0.977,0.664,NA
"Amyelois.transitella_PA3_RUN3_XGBOOST","PA3","RUN3","XGBOOST","KAPPA",808,68.571,98.184,0.617,0.064,NA
"Amyelois.transitella_PA3_RUN4_CTA","PA3","RUN4","CTA","TSS",442,100,16.129,0.161,-0.067,NA
"Amyelois.transitella_PA3_RUN4_CTA","PA3","RUN4","CTA","AUCroc",438,100,16.129,0.581,0.466,NA
"Amyelois.transitella_PA3_RUN4_CTA","PA3","RUN4","CTA","KAPPA",442,100,16.129,0.078,-0.002,NA
"Amyelois.transitella_PA3_RUN4_ANN","PA3","RUN4","ANN","TSS",507,88.571,61.29,0.499,-0.312,NA
"Amyelois.transitella_PA3_RUN4_ANN","PA3","RUN4","ANN","AUCroc",507.5,88.571,61.29,0.723,0.351,NA
"Amyelois.transitella_PA3_RUN4_ANN","PA3","RUN4","ANN","KAPPA",507,88.571,61.29,0.344,-0.012,NA
"Amyelois.transitella_PA3_RUN4_FDA","PA3","RUN4","FDA","TSS",362,82.857,70.161,0.551,0.253,NA
"Amyelois.transitella_PA3_RUN4_FDA","PA3","RUN4","FDA","AUCroc",372.5,80,77.419,0.865,0.693,NA
"Amyelois.transitella_PA3_RUN4_FDA","PA3","RUN4","FDA","KAPPA",510,60,90.323,0.514,0.119,NA
"Amyelois.transitella_PA3_RUN4_GAM","PA3","RUN4","GAM","TSS",803,100,87.903,0.879,0.168,NA
"Amyelois.transitella_PA3_RUN4_GAM","PA3","RUN4","GAM","AUCroc",886.5,94.286,90.323,0.943,0.605,NA
"Amyelois.transitella_PA3_RUN4_GAM","PA3","RUN4","GAM","KAPPA",803,100,87.903,0.762,0.025,NA
"Amyelois.transitella_PA3_RUN4_GBM","PA3","RUN4","GBM","TSS",619,100,88.71,0.887,0.316,NA
"Amyelois.transitella_PA3_RUN4_GBM","PA3","RUN4","GBM","AUCroc",664.5,94.286,90.323,0.977,0.664,NA
"Amyelois.transitella_PA3_RUN4_GBM","PA3","RUN4","GBM","KAPPA",750,88.571,93.548,0.789,0.466,NA
"Amyelois.transitella_PA3_RUN4_MARS","PA3","RUN4","MARS","TSS",895,85.714,80.645,0.664,0.3,NA
"Amyelois.transitella_PA3_RUN4_MARS","PA3","RUN4","MARS","AUCroc",895,85.714,80.645,0.889,0.702,NA
"Amyelois.transitella_PA3_RUN4_MARS","PA3","RUN4","MARS","KAPPA",895,85.714,80.645,0.555,0.161,NA
"Amyelois.transitella_PA3_RUN4_MAXNET","PA3","RUN4","MAXNET","TSS",466,74.286,86.29,0.606,0.313,NA
"Amyelois.transitella_PA3_RUN4_MAXNET","PA3","RUN4","MAXNET","AUCroc",444,77.143,82.258,0.867,0.643,NA
"Amyelois.transitella_PA3_RUN4_MAXNET","PA3","RUN4","MAXNET","KAPPA",517,68.571,90.323,0.569,0.374,NA
"Amyelois.transitella_PA3_RUN4_RF","PA3","RUN4","RF","TSS",329,100,99.194,0.992,0.384,NA
"Amyelois.transitella_PA3_RUN4_RF","PA3","RUN4","RF","AUCroc",330,100,99.194,0.999,0.657,NA
"Amyelois.transitella_PA3_RUN4_RF","PA3","RUN4","RF","KAPPA",329,100,99.194,0.982,0.201,NA
"Amyelois.transitella_PA3_RUN4_SRE","PA3","RUN4","SRE","TSS",505,74.286,73.387,0.477,0.332,NA
"Amyelois.transitella_PA3_RUN4_SRE","PA3","RUN4","SRE","AUCroc",500,74.286,73.387,0.738,0.666,NA
"Amyelois.transitella_PA3_RUN4_SRE","PA3","RUN4","SRE","KAPPA",505,74.286,73.387,0.383,0.466,NA
"Amyelois.transitella_PA3_RUN4_XGBOOST","PA3","RUN4","XGBOOST","TSS",691,100,67.742,0.677,0.271,NA
"Amyelois.transitella_PA3_RUN4_XGBOOST","PA3","RUN4","XGBOOST","AUCroc",815.5,85.714,79.839,0.929,0.586,NA
"Amyelois.transitella_PA3_RUN4_XGBOOST","PA3","RUN4","XGBOOST","KAPPA",902,68.571,94.355,0.656,0.11,NA
"Amyelois.transitella_PA4_RUN1_CTA","PA4","RUN1","CTA","TSS",402.5,97.143,88.854,0.86,0.032,NA
"Amyelois.transitella_PA4_RUN1_CTA","PA4","RUN1","CTA","AUCroc",404,97.143,88.854,0.95,0.516,NA
"Amyelois.transitella_PA4_RUN1_CTA","PA4","RUN1","CTA","KAPPA",846.5,68.571,95.253,0.431,0.018,NA
"Amyelois.transitella_PA4_RUN1_ANN","PA4","RUN1","ANN","TSS",441,97.143,85.139,0.823,0.065,NA
"Amyelois.transitella_PA4_RUN1_ANN","PA4","RUN1","ANN","AUCroc",582,91.429,89.783,0.933,0.364,NA
"Amyelois.transitella_PA4_RUN1_ANN","PA4","RUN1","ANN","KAPPA",774,60,96.904,0.466,-0.007,NA
"Amyelois.transitella_PA4_RUN1_FDA","PA4","RUN1","FDA","TSS",365,94.286,76.264,0.698,0,NA
"Amyelois.transitella_PA4_RUN1_FDA","PA4","RUN1","FDA","AUCroc",369.5,94.286,78.225,0.932,0.328,NA
"Amyelois.transitella_PA4_RUN1_FDA","PA4","RUN1","FDA","KAPPA",524,57.143,96.801,0.46,-0.128,NA
"Amyelois.transitella_PA4_RUN1_GAM","PA4","RUN1","GAM","TSS",520,100,93.189,0.932,-0.126,NA
"Amyelois.transitella_PA4_RUN1_GAM","PA4","RUN1","GAM","AUCroc",705,97.143,95.562,0.974,0.579,NA
"Amyelois.transitella_PA4_RUN1_GAM","PA4","RUN1","GAM","KAPPA",778,91.429,96.078,0.59,0.136,NA
"Amyelois.transitella_PA4_RUN1_GBM","PA4","RUN1","GBM","TSS",513,100,97.007,0.97,0.46,NA
"Amyelois.transitella_PA4_RUN1_GBM","PA4","RUN1","GBM","AUCroc",511.5,100,97.007,0.991,0.731,NA
"Amyelois.transitella_PA4_RUN1_GBM","PA4","RUN1","GBM","KAPPA",761.5,68.571,99.381,0.73,0.485,NA
"Amyelois.transitella_PA4_RUN1_MARS","PA4","RUN1","MARS","TSS",302,100,83.591,0.836,0.202,NA
"Amyelois.transitella_PA4_RUN1_MARS","PA4","RUN1","MARS","AUCroc",343,97.143,84.933,0.959,0.601,NA
"Amyelois.transitella_PA4_RUN1_MARS","PA4","RUN1","MARS","KAPPA",895,60,97.42,0.499,0.143,NA
"Amyelois.transitella_PA4_RUN1_MAXNET","PA4","RUN1","MAXNET","TSS",359,88.571,89.474,0.78,0.129,NA
"Amyelois.transitella_PA4_RUN1_MAXNET","PA4","RUN1","MAXNET","AUCroc",365.5,88.571,90.093,0.945,0.476,NA
"Amyelois.transitella_PA4_RUN1_MAXNET","PA4","RUN1","MAXNET","KAPPA",560,60,96.491,0.46,-0.016,NA
"Amyelois.transitella_PA4_RUN1_RF","PA4","RUN1","RF","TSS",345,100,99.897,0.999,0.274,NA
"Amyelois.transitella_PA4_RUN1_RF","PA4","RUN1","RF","AUCroc",347,100,99.897,1,0.621,NA
"Amyelois.transitella_PA4_RUN1_RF","PA4","RUN1","RF","KAPPA",345,100,99.897,0.985,0.267,NA
"Amyelois.transitella_PA4_RUN1_SRE","PA4","RUN1","SRE","TSS",505,74.286,85.965,0.603,0.505,NA
"Amyelois.transitella_PA4_RUN1_SRE","PA4","RUN1","SRE","AUCroc",500,74.286,85.965,0.801,0.753,NA
"Amyelois.transitella_PA4_RUN1_SRE","PA4","RUN1","SRE","KAPPA",505,74.286,85.965,0.219,0.493,NA
"Amyelois.transitella_PA4_RUN1_XGBOOST","PA4","RUN1","XGBOOST","TSS",576,97.143,94.324,0.915,0.215,NA
"Amyelois.transitella_PA4_RUN1_XGBOOST","PA4","RUN1","XGBOOST","AUCroc",574.5,97.143,94.324,0.976,0.567,NA
"Amyelois.transitella_PA4_RUN1_XGBOOST","PA4","RUN1","XGBOOST","KAPPA",653,94.286,94.943,0.542,0.171,NA
"Amyelois.transitella_PA4_RUN2_CTA","PA4","RUN2","CTA","TSS",395,97.222,75,0.722,0.031,NA
"Amyelois.transitella_PA4_RUN2_CTA","PA4","RUN2","CTA","AUCroc",394,97.222,75,0.864,0.516,NA
"Amyelois.transitella_PA4_RUN2_CTA","PA4","RUN2","CTA","KAPPA",395,97.222,75,0.171,0.016,NA
"Amyelois.transitella_PA4_RUN2_ANN","PA4","RUN2","ANN","TSS",727,97.222,90.289,0.875,0.099,NA
"Amyelois.transitella_PA4_RUN2_ANN","PA4","RUN2","ANN","AUCroc",723,97.222,90.289,0.955,0.584,NA
"Amyelois.transitella_PA4_RUN2_ANN","PA4","RUN2","ANN","KAPPA",878,69.444,94.938,0.427,0.114,NA
"Amyelois.transitella_PA4_RUN2_FDA","PA4","RUN2","FDA","TSS",323,83.333,82.231,0.655,0.003,NA
"Amyelois.transitella_PA4_RUN2_FDA","PA4","RUN2","FDA","AUCroc",328,83.333,83.264,0.905,0.612,NA
"Amyelois.transitella_PA4_RUN2_FDA","PA4","RUN2","FDA","KAPPA",861,44.444,98.864,0.516,0.168,NA
"Amyelois.transitella_PA4_RUN2_GAM","PA4","RUN2","GAM","TSS",530,100,93.388,0.934,0.045,NA
"Amyelois.transitella_PA4_RUN2_GAM","PA4","RUN2","GAM","AUCroc",629,97.222,94.628,0.977,0.547,NA
"Amyelois.transitella_PA4_RUN2_GAM","PA4","RUN2","GAM","KAPPA",798,86.111,96.488,0.595,0.04,NA
"Amyelois.transitella_PA4_RUN2_GBM","PA4","RUN2","GBM","TSS",493.5,100,97.727,0.977,0.261,NA
"Amyelois.transitella_PA4_RUN2_GBM","PA4","RUN2","GBM","AUCroc",493,100,97.727,0.994,0.702,NA
"Amyelois.transitella_PA4_RUN2_GBM","PA4","RUN2","GBM","KAPPA",598,88.889,98.657,0.781,0.309,NA
"Amyelois.transitella_PA4_RUN2_MARS","PA4","RUN2","MARS","TSS",412,94.444,88.12,0.826,-0.111,NA
"Amyelois.transitella_PA4_RUN2_MARS","PA4","RUN2","MARS","AUCroc",412.5,94.444,88.12,0.959,0.47,NA
"Amyelois.transitella_PA4_RUN2_MARS","PA4","RUN2","MARS","KAPPA",863,66.667,97.314,0.539,-0.011,NA
"Amyelois.transitella_PA4_RUN2_MAXNET","PA4","RUN2","MAXNET","TSS",237,91.667,83.574,0.778,0.062,NA
"Amyelois.transitella_PA4_RUN2_MAXNET","PA4","RUN2","MAXNET","AUCroc",248.5,91.667,84.814,0.943,0.604,NA
"Amyelois.transitella_PA4_RUN2_MAXNET","PA4","RUN2","MAXNET","KAPPA",678,55.556,99.07,0.603,0.151,NA
"Amyelois.transitella_PA4_RUN2_RF","PA4","RUN2","RF","TSS",330,100,99.897,0.999,0.119,NA
"Amyelois.transitella_PA4_RUN2_RF","PA4","RUN2","RF","AUCroc",330,100,99.897,1,0.486,NA
"Amyelois.transitella_PA4_RUN2_RF","PA4","RUN2","RF","KAPPA",330,100,99.897,0.986,0.151,NA
"Amyelois.transitella_PA4_RUN2_SRE","PA4","RUN2","SRE","TSS",505,80.556,88.636,0.692,0.111,NA
"Amyelois.transitella_PA4_RUN2_SRE","PA4","RUN2","SRE","AUCroc",500,80.556,88.636,0.846,0.555,NA
"Amyelois.transitella_PA4_RUN2_SRE","PA4","RUN2","SRE","KAPPA",505,80.556,88.636,0.291,0.096,NA
"Amyelois.transitella_PA4_RUN2_XGBOOST","PA4","RUN2","XGBOOST","TSS",623,100,88.946,0.889,0.128,NA
"Amyelois.transitella_PA4_RUN2_XGBOOST","PA4","RUN2","XGBOOST","AUCroc",645,97.222,89.463,0.965,0.611,NA
"Amyelois.transitella_PA4_RUN2_XGBOOST","PA4","RUN2","XGBOOST","KAPPA",783,69.444,96.591,0.51,0.114,NA
"Amyelois.transitella_PA4_RUN3_CTA","PA4","RUN3","CTA","TSS",409,97.143,88.621,0.858,0.081,NA
"Amyelois.transitella_PA4_RUN3_CTA","PA4","RUN3","CTA","AUCroc",407,97.143,88.621,0.942,0.568,NA
"Amyelois.transitella_PA4_RUN3_CTA","PA4","RUN3","CTA","KAPPA",845,77.143,93.107,0.4,0.077,NA
"Amyelois.transitella_PA4_RUN3_ANN","PA4","RUN3","ANN","TSS",540,97.143,88.184,0.853,-0.221,NA
"Amyelois.transitella_PA4_RUN3_ANN","PA4","RUN3","ANN","AUCroc",588,97.143,88.293,0.954,0.531,NA
"Amyelois.transitella_PA4_RUN3_ANN","PA4","RUN3","ANN","KAPPA",811,88.571,93.545,0.468,0.039,NA
"Amyelois.transitella_PA4_RUN3_FDA","PA4","RUN3","FDA","TSS",396,80,92.888,0.726,0.194,NA
"Amyelois.transitella_PA4_RUN3_FDA","PA4","RUN3","FDA","AUCroc",364.5,91.429,83.26,0.935,0.573,NA
"Amyelois.transitella_PA4_RUN3_FDA","PA4","RUN3","FDA","KAPPA",445,74.286,95.952,0.507,0.021,NA
"Amyelois.transitella_PA4_RUN3_GAM","PA4","RUN3","GAM","TSS",611,100,95.952,0.96,0.047,NA
"Amyelois.transitella_PA4_RUN3_GAM","PA4","RUN3","GAM","AUCroc",621.5,100,96.061,0.985,0.533,NA
"Amyelois.transitella_PA4_RUN3_GAM","PA4","RUN3","GAM","KAPPA",783,97.143,97.155,0.702,-0.043,NA
"Amyelois.transitella_PA4_RUN3_GBM","PA4","RUN3","GBM","TSS",486.5,100,97.593,0.976,0.293,NA
"Amyelois.transitella_PA4_RUN3_GBM","PA4","RUN3","GBM","AUCroc",485.5,100,97.593,0.997,0.648,NA
"Amyelois.transitella_PA4_RUN3_GBM","PA4","RUN3","GBM","KAPPA",701,77.143,99.781,0.838,0.003,NA
"Amyelois.transitella_PA4_RUN3_MARS","PA4","RUN3","MARS","TSS",552,91.429,91.357,0.828,0.192,NA
"Amyelois.transitella_PA4_RUN3_MARS","PA4","RUN3","MARS","AUCroc",549.5,91.429,91.357,0.96,0.725,NA
"Amyelois.transitella_PA4_RUN3_MARS","PA4","RUN3","MARS","KAPPA",924,57.143,97.812,0.507,0.395,NA
"Amyelois.transitella_PA4_RUN3_MAXNET","PA4","RUN3","MAXNET","TSS",287,88.571,89.497,0.781,0.198,NA
"Amyelois.transitella_PA4_RUN3_MAXNET","PA4","RUN3","MAXNET","AUCroc",292.5,88.571,90.044,0.952,0.69,NA
"Amyelois.transitella_PA4_RUN3_MAXNET","PA4","RUN3","MAXNET","KAPPA",632,54.286,98.14,0.517,0.182,NA
"Amyelois.transitella_PA4_RUN3_RF","PA4","RUN3","RF","TSS",330,100,100,1,0.242,NA
"Amyelois.transitella_PA4_RUN3_RF","PA4","RUN3","RF","AUCroc",332,100,100,1,0.686,NA
"Amyelois.transitella_PA4_RUN3_RF","PA4","RUN3","RF","KAPPA",330,100,100,1,0.188,NA
"Amyelois.transitella_PA4_RUN3_SRE","PA4","RUN3","SRE","TSS",505,77.143,88.184,0.653,0.105,NA
"Amyelois.transitella_PA4_RUN3_SRE","PA4","RUN3","SRE","AUCroc",500,77.143,88.184,0.827,0.552,NA
"Amyelois.transitella_PA4_RUN3_SRE","PA4","RUN3","SRE","KAPPA",505,77.143,88.184,0.275,0.052,NA
"Amyelois.transitella_PA4_RUN3_XGBOOST","PA4","RUN3","XGBOOST","TSS",584.5,94.286,93.545,0.878,0.109,NA
"Amyelois.transitella_PA4_RUN3_XGBOOST","PA4","RUN3","XGBOOST","AUCroc",584.5,94.286,93.545,0.971,0.555,NA
"Amyelois.transitella_PA4_RUN3_XGBOOST","PA4","RUN3","XGBOOST","KAPPA",811,62.857,97.593,0.538,0.052,NA
"Amyelois.transitella_PA4_RUN4_CTA","PA4","RUN4","CTA","TSS",424,100,73.154,0.732,0.245,NA
"Amyelois.transitella_PA4_RUN4_CTA","PA4","RUN4","CTA","AUCroc",896,97.143,75.839,0.876,0.623,NA
"Amyelois.transitella_PA4_RUN4_CTA","PA4","RUN4","CTA","KAPPA",897,97.143,75.839,0.528,0.309,NA
"Amyelois.transitella_PA4_RUN4_ANN","PA4","RUN4","ANN","TSS",580,97.143,67.114,0.643,-0.285,NA
"Amyelois.transitella_PA4_RUN4_ANN","PA4","RUN4","ANN","AUCroc",625.5,74.286,86.577,0.891,0.385,NA
"Amyelois.transitella_PA4_RUN4_ANN","PA4","RUN4","ANN","KAPPA",628,74.286,86.577,0.543,0.058,NA
"Amyelois.transitella_PA4_RUN4_FDA","PA4","RUN4","FDA","TSS",585,62.857,86.577,0.494,0.316,NA
"Amyelois.transitella_PA4_RUN4_FDA","PA4","RUN4","FDA","AUCroc",411,77.143,71.812,0.804,0.848,NA
"Amyelois.transitella_PA4_RUN4_FDA","PA4","RUN4","FDA","KAPPA",960.5,45.714,96.644,0.5,0.397,NA
"Amyelois.transitella_PA4_RUN4_GAM","PA4","RUN4","GAM","TSS",813,100,93.96,0.94,0.099,NA
"Amyelois.transitella_PA4_RUN4_GAM","PA4","RUN4","GAM","AUCroc",813.5,100,93.96,0.969,0.624,NA
"Amyelois.transitella_PA4_RUN4_GAM","PA4","RUN4","GAM","KAPPA",813,100,93.96,0.855,0.033,NA
"Amyelois.transitella_PA4_RUN4_GBM","PA4","RUN4","GBM","TSS",588,100,86.577,0.866,0.332,NA
"Amyelois.transitella_PA4_RUN4_GBM","PA4","RUN4","GBM","AUCroc",610.5,97.143,87.248,0.973,0.631,NA
"Amyelois.transitella_PA4_RUN4_GBM","PA4","RUN4","GBM","KAPPA",790.5,77.143,95.973,0.748,0.152,NA
"Amyelois.transitella_PA4_RUN4_MARS","PA4","RUN4","MARS","TSS",706,100,69.799,0.698,0.309,NA
"Amyelois.transitella_PA4_RUN4_MARS","PA4","RUN4","MARS","AUCroc",887,88.571,79.866,0.879,0.721,NA
"Amyelois.transitella_PA4_RUN4_MARS","PA4","RUN4","MARS","KAPPA",887,88.571,79.866,0.533,0.151,NA
"Amyelois.transitella_PA4_RUN4_MAXNET","PA4","RUN4","MAXNET","TSS",431,77.143,79.195,0.592,0.223,NA
"Amyelois.transitella_PA4_RUN4_MAXNET","PA4","RUN4","MAXNET","AUCroc",429,80,79.195,0.843,0.542,NA
"Amyelois.transitella_PA4_RUN4_MAXNET","PA4","RUN4","MAXNET","KAPPA",564,51.429,92.617,0.496,0.152,NA
"Amyelois.transitella_PA4_RUN4_RF","PA4","RUN4","RF","TSS",321,100,100,1,0.138,NA
"Amyelois.transitella_PA4_RUN4_RF","PA4","RUN4","RF","AUCroc",321,100,100,1,0.57,NA
"Amyelois.transitella_PA4_RUN4_RF","PA4","RUN4","RF","KAPPA",321,100,100,1,0.088,NA
"Amyelois.transitella_PA4_RUN4_SRE","PA4","RUN4","SRE","TSS",505,74.286,69.799,0.441,0.332,NA
"Amyelois.transitella_PA4_RUN4_SRE","PA4","RUN4","SRE","AUCroc",500,74.286,69.799,0.72,0.666,NA
"Amyelois.transitella_PA4_RUN4_SRE","PA4","RUN4","SRE","KAPPA",505,74.286,69.799,0.316,0.466,NA
"Amyelois.transitella_PA4_RUN4_XGBOOST","PA4","RUN4","XGBOOST","TSS",741.5,97.143,77.181,0.743,0.244,NA
"Amyelois.transitella_PA4_RUN4_XGBOOST","PA4","RUN4","XGBOOST","AUCroc",922,91.429,80.537,0.886,0.583,NA
"Amyelois.transitella_PA4_RUN4_XGBOOST","PA4","RUN4","XGBOOST","KAPPA",923,91.429,80.537,0.56,0.292,NA
"Amyelois.transitella_PA5_RUN1_CTA","PA5","RUN1","CTA","TSS",479,91.429,88.992,0.804,0.214,NA
"Amyelois.transitella_PA5_RUN1_CTA","PA5","RUN1","CTA","AUCroc",475.5,91.429,88.992,0.911,0.607,NA
"Amyelois.transitella_PA5_RUN1_CTA","PA5","RUN1","CTA","KAPPA",479,91.429,88.992,0.331,0.141,NA
"Amyelois.transitella_PA5_RUN1_ANN","PA5","RUN1","ANN","TSS",849,88.571,93.519,0.821,-0.226,NA
"Amyelois.transitella_PA5_RUN1_ANN","PA5","RUN1","ANN","AUCroc",425.5,91.429,90.329,0.957,0.342,NA
"Amyelois.transitella_PA5_RUN1_ANN","PA5","RUN1","ANN","KAPPA",849,88.571,93.519,0.453,-0.151,NA
"Amyelois.transitella_PA5_RUN1_FDA","PA5","RUN1","FDA","TSS",480,88.571,86.42,0.723,0,NA
"Amyelois.transitella_PA5_RUN1_FDA","PA5","RUN1","FDA","AUCroc",480.5,88.571,86.42,0.922,0.1,NA
"Amyelois.transitella_PA5_RUN1_FDA","PA5","RUN1","FDA","KAPPA",502,20,99.897,0.317,-0.31,NA
"Amyelois.transitella_PA5_RUN1_GAM","PA5","RUN1","GAM","TSS",495,100,91.564,0.916,-0.131,NA
"Amyelois.transitella_PA5_RUN1_GAM","PA5","RUN1","GAM","AUCroc",640.5,97.143,93.107,0.973,0.576,NA
"Amyelois.transitella_PA5_RUN1_GAM","PA5","RUN1","GAM","KAPPA",909,62.857,97.634,0.532,0.133,NA
"Amyelois.transitella_PA5_RUN1_GBM","PA5","RUN1","GBM","TSS",512,100,97.222,0.972,0.5,NA
"Amyelois.transitella_PA5_RUN1_GBM","PA5","RUN1","GBM","AUCroc",511.5,100,97.222,0.993,0.783,NA
"Amyelois.transitella_PA5_RUN1_GBM","PA5","RUN1","GBM","KAPPA",594,88.571,98.457,0.756,0.545,NA
"Amyelois.transitella_PA5_RUN1_MARS","PA5","RUN1","MARS","TSS",394,94.286,86.831,0.811,0.036,NA
"Amyelois.transitella_PA5_RUN1_MARS","PA5","RUN1","MARS","AUCroc",485.5,91.429,89.198,0.96,0.56,NA
"Amyelois.transitella_PA5_RUN1_MARS","PA5","RUN1","MARS","KAPPA",928,51.429,98.457,0.505,0.069,NA
"Amyelois.transitella_PA5_RUN1_MAXNET","PA5","RUN1","MAXNET","TSS",345,88.571,90.021,0.785,0.036,NA
"Amyelois.transitella_PA5_RUN1_MAXNET","PA5","RUN1","MAXNET","AUCroc",350,88.571,90.329,0.95,0.347,NA
"Amyelois.transitella_PA5_RUN1_MAXNET","PA5","RUN1","MAXNET","KAPPA",610,51.429,98.148,0.489,0.032,NA
"Amyelois.transitella_PA5_RUN1_RF","PA5","RUN1","RF","TSS",361,100,99.897,0.999,0.083,NA
"Amyelois.transitella_PA5_RUN1_RF","PA5","RUN1","RF","AUCroc",362,100,99.897,1,0.56,NA
"Amyelois.transitella_PA5_RUN1_RF","PA5","RUN1","RF","KAPPA",361,100,99.897,0.985,0.069,NA
"Amyelois.transitella_PA5_RUN1_SRE","PA5","RUN1","SRE","TSS",505,74.286,84.568,0.589,0.488,NA
"Amyelois.transitella_PA5_RUN1_SRE","PA5","RUN1","SRE","AUCroc",500,74.286,84.568,0.794,0.744,NA
"Amyelois.transitella_PA5_RUN1_SRE","PA5","RUN1","SRE","KAPPA",505,74.286,84.568,0.2,0.477,NA
"Amyelois.transitella_PA5_RUN1_XGBOOST","PA5","RUN1","XGBOOST","TSS",376,100,86.008,0.86,0.071,NA
"Amyelois.transitella_PA5_RUN1_XGBOOST","PA5","RUN1","XGBOOST","AUCroc",428,94.286,91.049,0.974,0.485,NA
"Amyelois.transitella_PA5_RUN1_XGBOOST","PA5","RUN1","XGBOOST","KAPPA",829,68.571,97.942,0.592,0.306,NA
"Amyelois.transitella_PA5_RUN2_CTA","PA5","RUN2","CTA","TSS",468,91.667,86.612,0.783,0,NA
"Amyelois.transitella_PA5_RUN2_CTA","PA5","RUN2","CTA","AUCroc",465,91.667,86.612,0.899,0.5,NA
"Amyelois.transitella_PA5_RUN2_CTA","PA5","RUN2","CTA","KAPPA",468,91.667,86.612,0.29,0,NA
"Amyelois.transitella_PA5_RUN2_ANN","PA5","RUN2","ANN","TSS",736,94.444,92.07,0.865,0.085,NA
"Amyelois.transitella_PA5_RUN2_ANN","PA5","RUN2","ANN","AUCroc",735.5,94.444,92.07,0.967,0.466,NA
"Amyelois.transitella_PA5_RUN2_ANN","PA5","RUN2","ANN","KAPPA",879,63.889,97.425,0.521,0.017,NA
"Amyelois.transitella_PA5_RUN2_FDA","PA5","RUN2","FDA","TSS",319,86.111,82.904,0.69,0.013,NA
"Amyelois.transitella_PA5_RUN2_FDA","PA5","RUN2","FDA","AUCroc",319,86.111,82.904,0.909,0.538,NA
"Amyelois.transitella_PA5_RUN2_FDA","PA5","RUN2","FDA","KAPPA",875,47.222,99.176,0.534,0.07,NA
"Amyelois.transitella_PA5_RUN2_GAM","PA5","RUN2","GAM","TSS",525,100,94.13,0.941,-0.223,NA
"Amyelois.transitella_PA5_RUN2_GAM","PA5","RUN2","GAM","AUCroc",529.5,100,94.233,0.981,0.462,NA
"Amyelois.transitella_PA5_RUN2_GAM","PA5","RUN2","GAM","KAPPA",889,69.444,97.734,0.586,-0.099,NA
"Amyelois.transitella_PA5_RUN2_GBM","PA5","RUN2","GBM","TSS",527,100,98.352,0.984,0.292,NA
"Amyelois.transitella_PA5_RUN2_GBM","PA5","RUN2","GBM","AUCroc",523,100,98.352,0.996,0.658,NA
"Amyelois.transitella_PA5_RUN2_GBM","PA5","RUN2","GBM","KAPPA",527,100,98.352,0.81,0.249,NA
"Amyelois.transitella_PA5_RUN2_MARS","PA5","RUN2","MARS","TSS",364,97.222,90.01,0.872,-0.088,NA
"Amyelois.transitella_PA5_RUN2_MARS","PA5","RUN2","MARS","AUCroc",484,94.444,91.246,0.967,0.483,NA
"Amyelois.transitella_PA5_RUN2_MARS","PA5","RUN2","MARS","KAPPA",859,77.778,96.292,0.533,-0.076,NA
"Amyelois.transitella_PA5_RUN2_MAXNET","PA5","RUN2","MAXNET","TSS",271,91.667,87.745,0.793,-0.022,NA
"Amyelois.transitella_PA5_RUN2_MAXNET","PA5","RUN2","MAXNET","AUCroc",278.5,91.667,88.568,0.95,0.665,NA
"Amyelois.transitella_PA5_RUN2_MAXNET","PA5","RUN2","MAXNET","KAPPA",653,58.333,98.455,0.568,0.141,NA
"Amyelois.transitella_PA5_RUN2_RF","PA5","RUN2","RF","TSS",345,100,99.794,0.998,0.147,NA
"Amyelois.transitella_PA5_RUN2_RF","PA5","RUN2","RF","AUCroc",340,100,99.794,1,0.45,NA
"Amyelois.transitella_PA5_RUN2_RF","PA5","RUN2","RF","KAPPA",345,100,99.794,0.972,0.19,NA
"Amyelois.transitella_PA5_RUN2_SRE","PA5","RUN2","SRE","TSS",505,80.556,87.539,0.681,0.075,NA
"Amyelois.transitella_PA5_RUN2_SRE","PA5","RUN2","SRE","AUCroc",500,80.556,87.539,0.84,0.538,NA
"Amyelois.transitella_PA5_RUN2_SRE","PA5","RUN2","SRE","KAPPA",505,80.556,87.539,0.27,0.066,NA
"Amyelois.transitella_PA5_RUN2_XGBOOST","PA5","RUN2","XGBOOST","TSS",507,97.222,92.07,0.893,0.163,NA
"Amyelois.transitella_PA5_RUN2_XGBOOST","PA5","RUN2","XGBOOST","AUCroc",504.5,97.222,92.07,0.969,0.605,NA
"Amyelois.transitella_PA5_RUN2_XGBOOST","PA5","RUN2","XGBOOST","KAPPA",829,75,96.292,0.524,0.066,NA
"Amyelois.transitella_PA5_RUN3_CTA","PA5","RUN3","CTA","TSS",399.5,97.143,88.779,0.859,0.148,NA
"Amyelois.transitella_PA5_RUN3_CTA","PA5","RUN3","CTA","AUCroc",399.5,97.143,88.779,0.945,0.624,NA
"Amyelois.transitella_PA5_RUN3_CTA","PA5","RUN3","CTA","KAPPA",840.5,77.143,93.729,0.424,0.145,NA
"Amyelois.transitella_PA5_RUN3_ANN","PA5","RUN3","ANN","TSS",746,97.143,89.329,0.865,0.271,NA
"Amyelois.transitella_PA5_RUN3_ANN","PA5","RUN3","ANN","AUCroc",758.5,97.143,89.439,0.941,0.674,NA
"Amyelois.transitella_PA5_RUN3_ANN","PA5","RUN3","ANN","KAPPA",856,80,92.079,0.381,0.202,NA
"Amyelois.transitella_PA5_RUN3_FDA","PA5","RUN3","FDA","TSS",301,88.571,85.699,0.74,0.187,NA
"Amyelois.transitella_PA5_RUN3_FDA","PA5","RUN3","FDA","AUCroc",302.5,88.571,86.029,0.941,0.723,NA
"Amyelois.transitella_PA5_RUN3_FDA","PA5","RUN3","FDA","KAPPA",712,57.143,97.91,0.522,0.12,NA
"Amyelois.transitella_PA5_RUN3_GAM","PA5","RUN3","GAM","TSS",636,100,96.37,0.964,0.214,NA
"Amyelois.transitella_PA5_RUN3_GAM","PA5","RUN3","GAM","AUCroc",636,100,96.37,0.986,0.587,NA
"Amyelois.transitella_PA5_RUN3_GAM","PA5","RUN3","GAM","KAPPA",798,94.286,97.58,0.721,0.113,NA
"Amyelois.transitella_PA5_RUN3_GBM","PA5","RUN3","GBM","TSS",491,100,97.25,0.972,0.397,NA
"Amyelois.transitella_PA5_RUN3_GBM","PA5","RUN3","GBM","AUCroc",505,100,97.47,0.996,0.704,NA
"Amyelois.transitella_PA5_RUN3_GBM","PA5","RUN3","GBM","KAPPA",577.5,91.429,98.46,0.781,0.285,NA
"Amyelois.transitella_PA5_RUN3_MARS","PA5","RUN3","MARS","TSS",443,97.143,90.319,0.874,0.438,NA
"Amyelois.transitella_PA5_RUN3_MARS","PA5","RUN3","MARS","AUCroc",445.5,97.143,90.319,0.967,0.78,NA
"Amyelois.transitella_PA5_RUN3_MARS","PA5","RUN3","MARS","KAPPA",865,74.286,96.26,0.525,0.277,NA
"Amyelois.transitella_PA5_RUN3_MAXNET","PA5","RUN3","MAXNET","TSS",317,85.714,91.199,0.798,0.356,NA
"Amyelois.transitella_PA5_RUN3_MAXNET","PA5","RUN3","MAXNET","AUCroc",316,88.571,91.199,0.956,0.821,NA
"Amyelois.transitella_PA5_RUN3_MAXNET","PA5","RUN3","MAXNET","KAPPA",643,48.571,99.12,0.543,0.338,NA
"Amyelois.transitella_PA5_RUN3_RF","PA5","RUN3","RF","TSS",330,100,100,1,0.162,NA
"Amyelois.transitella_PA5_RUN3_RF","PA5","RUN3","RF","AUCroc",332,100,100,1,0.733,NA
"Amyelois.transitella_PA5_RUN3_RF","PA5","RUN3","RF","KAPPA",330,100,100,1,0.168,NA
"Amyelois.transitella_PA5_RUN3_SRE","PA5","RUN3","SRE","TSS",505,77.143,87.349,0.645,0.181,NA
"Amyelois.transitella_PA5_RUN3_SRE","PA5","RUN3","SRE","AUCroc",500,77.143,87.349,0.822,0.591,NA
"Amyelois.transitella_PA5_RUN3_SRE","PA5","RUN3","SRE","KAPPA",505,77.143,87.349,0.261,0.099,NA
"Amyelois.transitella_PA5_RUN3_XGBOOST","PA5","RUN3","XGBOOST","TSS",644,94.286,93.179,0.875,0.23,NA
"Amyelois.transitella_PA5_RUN3_XGBOOST","PA5","RUN3","XGBOOST","AUCroc",641.5,94.286,93.179,0.976,0.704,NA
"Amyelois.transitella_PA5_RUN3_XGBOOST","PA5","RUN3","XGBOOST","KAPPA",819,62.857,98.57,0.614,0.226,NA
"Amyelois.transitella_PA5_RUN4_CTA","PA5","RUN4","CTA","TSS",436,100,21.622,0.216,-0.079,NA
"Amyelois.transitella_PA5_RUN4_CTA","PA5","RUN4","CTA","AUCroc",432,100,21.622,0.608,0.461,NA
"Amyelois.transitella_PA5_RUN4_CTA","PA5","RUN4","CTA","KAPPA",436,100,21.622,0.095,-0.002,NA
"Amyelois.transitella_PA5_RUN4_ANN","PA5","RUN4","ANN","TSS",502,82.857,52.027,0.349,-0.42,NA
"Amyelois.transitella_PA5_RUN4_ANN","PA5","RUN4","ANN","AUCroc",513,74.286,56.081,0.697,0.32,NA
"Amyelois.transitella_PA5_RUN4_ANN","PA5","RUN4","ANN","KAPPA",502,82.857,52.027,0.204,-0.016,NA
"Amyelois.transitella_PA5_RUN4_FDA","PA5","RUN4","FDA","TSS",382,68.571,83.784,0.517,0.345,NA
"Amyelois.transitella_PA5_RUN4_FDA","PA5","RUN4","FDA","AUCroc",370,74.286,76.351,0.828,0.721,NA
"Amyelois.transitella_PA5_RUN4_FDA","PA5","RUN4","FDA","KAPPA",819,45.714,98.649,0.545,0.156,NA
"Amyelois.transitella_PA5_RUN4_GAM","PA5","RUN4","GAM","TSS",833,100,90.541,0.905,-0.009,NA
"Amyelois.transitella_PA5_RUN4_GAM","PA5","RUN4","GAM","AUCroc",856.5,97.143,91.892,0.952,0.648,NA
"Amyelois.transitella_PA5_RUN4_GAM","PA5","RUN4","GAM","KAPPA",833,100,90.541,0.785,-0.011,NA
"Amyelois.transitella_PA5_RUN4_GBM","PA5","RUN4","GBM","TSS",619.5,100,93.243,0.932,0.165,NA
"Amyelois.transitella_PA5_RUN4_GBM","PA5","RUN4","GBM","AUCroc",661,97.143,95.27,0.984,0.623,NA
"Amyelois.transitella_PA5_RUN4_GBM","PA5","RUN4","GBM","KAPPA",661,97.143,95.27,0.867,0.263,NA
"Amyelois.transitella_PA5_RUN4_MARS","PA5","RUN4","MARS","TSS",701,97.143,63.514,0.607,0.322,NA
"Amyelois.transitella_PA5_RUN4_MARS","PA5","RUN4","MARS","AUCroc",876,77.143,79.054,0.88,0.716,NA
"Amyelois.transitella_PA5_RUN4_MARS","PA5","RUN4","MARS","KAPPA",927,57.143,89.189,0.481,0,NA
"Amyelois.transitella_PA5_RUN4_MAXNET","PA5","RUN4","MAXNET","TSS",437,74.286,79.73,0.54,0.303,NA
"Amyelois.transitella_PA5_RUN4_MAXNET","PA5","RUN4","MAXNET","AUCroc",408,77.143,77.027,0.858,0.572,NA
"Amyelois.transitella_PA5_RUN4_MAXNET","PA5","RUN4","MAXNET","KAPPA",597,42.857,99.324,0.532,0.128,NA
"Amyelois.transitella_PA5_RUN4_RF","PA5","RUN4","RF","TSS",339,100,99.324,0.993,0.116,NA
"Amyelois.transitella_PA5_RUN4_RF","PA5","RUN4","RF","AUCroc",383,100,100,1,0.527,NA
"Amyelois.transitella_PA5_RUN4_RF","PA5","RUN4","RF","KAPPA",339,100,99.324,0.983,0.049,NA
"Amyelois.transitella_PA5_RUN4_SRE","PA5","RUN4","SRE","TSS",505,74.286,70.27,0.446,0.33,NA
"Amyelois.transitella_PA5_RUN4_SRE","PA5","RUN4","SRE","AUCroc",500,74.286,70.27,0.723,0.665,NA
"Amyelois.transitella_PA5_RUN4_SRE","PA5","RUN4","SRE","KAPPA",505,74.286,70.27,0.322,0.415,NA
"Amyelois.transitella_PA5_RUN4_XGBOOST","PA5","RUN4","XGBOOST","TSS",891,80,87.838,0.678,0.325,NA
"Amyelois.transitella_PA5_RUN4_XGBOOST","PA5","RUN4","XGBOOST","AUCroc",831.5,82.857,84.459,0.904,0.602,NA
"Amyelois.transitella_PA5_RUN4_XGBOOST","PA5","RUN4","XGBOOST","KAPPA",891,80,87.838,0.606,0.339,NA
